nombre,presentacion,marca,diferenciador,precio,imagen
Aceite ,1L,Gourmet ,,11900,Aceite 1LGourmet .jpg
Aceite ,1L,Oleocali ,,6900,Aceite 1LOleocali .jpg
Aceite ,1L,Premier ,,10900,Aceite 1LPremier .jpg
Aceite ,500ml,El Purisimo ,,3900,Aceite 500mlEl Purisimo .jpg
Aceite ,500ml,Gourmet ,,6200,Aceite 500mlGourmet .jpg
Aceite ,500ml,Premier ,,5900,Aceite 500mlPremier .jpg
Aceite ,500ml,Riquisimo ,,3900,Aceite 500mlRiquisimo .jpg
Acetaminofen,500mg,MK,Adultos,7290,Acetaminofen500 mgMKAdultos.jpg
Advil ,10 Capsulas,Advil,Max,10900,Advil 10u AdvilMax.jpg
Advil,10 Capsulas,Advil,Fastgel Liquid,11150,Advil10 CapsulasWyeth CHCFastgel Liquid.jpg
Advil,10 Capsulas,Advil,Ultra,10090,Advil10 CapsulasWyeth CHCUltra.jpg
Agua ,600ml,Brisa ,Sin Gas ,2200,Agua 600mlBrisa Sin Gas .jpg
Agua ,600ml,Manantial,Con Gas ,2200,Agua 600mlManantialCon Gas .jpg
Agua Oxigenada,120ml,Jgb,Antiseptico,2700,Agua Oxigenada120 mlJgbAntiseptico.jpg
Agua Saborizada ,600ml,H2OH,Lima Limon ,2500,Agua Saborizada 600mlH2OHLima Limon .jpg
Agua Saborizada ,600ml,H2OH,Maracuya,2500,Agua Saborizada 600mlH2OHMaracuya.jpg
Agua,1.5L,Manantial,Sin Gas ,3700,Agua1,5LManantialSin Gas .jpg
Agua,5L,Cristal,Sin Gas ,5800,Agua5LCristalSin Gas .jpg
Agua,600ml,Cristal,Con Gas ,2200,Agua600mlCristalCon Gas .jpg
Agua,620ml,Cielo ,Sin Gas ,1800,Agua620mlCielo Sin Gas .jpg
Aguardiente ,375ml,180,Sin Azucar ,11600,Aguardiente 375ml180Sin Azucar .jpg
Aguardiente ,750ml,Nectar,Rojo,20100,Aguardiente 750mlNectarRojo.jpg
Ajo,55g,El Rey ,,1500,Ajo55gEl Rey .jpg
Alcohol,350ml,MK,Antiseptico,2260,Alcohol350 mlMKAntiseptico.jpg
Algodon,25g,MK,Zig-Zag,850,Algodon25 gMKZig-Zag.jpg
Alka-Seltzer,12 Tabletas,Bayer,Original,8270,Alka-Seltzer12 TabletasBayerOriginal.jpg
Alka-Seltzer,8 Sobres,Bayer,Extreme,8300,Alka-Seltzer8 SobresBayerExtreme.jpg
Aloe Vera ,500ml,Tamesis ,,3900,Aloe Vera 500mlTamesis .jpg
Aperitivo,750ml,Convier,Triple Sec,37000,Aperitivo750mlConvierTriple Sec.jpg
Arepas ,5u,Don Maiz ,Arepa Paisa ,6300,Arepas 5uDon Maiz Arepa Paisa .jpg
Arequipe ,250g,Alpina ,,4700,Arequipe 250gAlpina .jpg
Arequipe ,500g,Alpina ,,8900,Arequipe 500gAlpina .jpg
Arequipe ,50g,Alpina ,,1500,Arequipe 50gAlpina .jpg
Ariel,900g,Ariel,Doble Poder,8100,Ariel900 gArielDoble Poder.jpg
Aromatica ,20u,Hindu ,Cidron ,3200,Aromatica 20uHindu Cidron .jpg
Aromatica ,20u,Hindu ,Hierbabuena ,3200,Aromatica 20uHindu Hierbabuena .jpg
Aromatica ,20u,Hindu ,Manzanilla ,3200,Aromatica 20uHindu Manzanilla .jpg
Arroz ,1K,Florhuila ,,4300,Arroz 1KFlorhuila .jpg
Arroz ,500g,Roa,,4300,Arroz 500gRoa.jpg
Arvejas ,195g,Zenu,,4900,Arvejas 195gZenu.jpg
Shampoo,200ml,Johnson's,Baby Shampoo,9900,Aseo PersonalShampoo200mlJohnson'sBaby Shampoo.jpg
Aspirina,100mg,Bayer,Acido Acetilsalicilico,9320,Aspirina100 mgBayerAcido Acetilsalicilico.jpg
Aspirina,500mg,Bayer,Efervescente,9300,Aspirina500 mgBayerEfervescente.jpg
Atun ,110g,Alamar,En Aceite ,4700,Atun 110gAlamarEn Aceite .jpg
Atun ,110g,Alamar,En Agua,4700,Atun 110gAlamarEn Agua.jpg
Atun ,110g,Vikingos ,Agua,4500,Atun 110gVikingos Agua.jpg
Atun ,184g,Van Camps ,Lomitos Aceite ,5200,Atun 184gVan Camps Lomitos Aceite .jpg
Atun ,184g,Van Camps ,Lomitos Agua ,5200,Atun 184gVan Camps Lomitos Agua .jpg
Atun ,3u,Van Camps ,Aceite de Oliva ,10900,Atun 3uVan Camps Aceite de Oliva .jpg
Atun ,3u,Van Camps ,Lomitos Agua ,9900,Atun 3uVan Camps Lomitos Agua .jpg
Avena,250g,Alpina,Finesse ,2500,Avena250 gAlpinaFinesse .jpg
Avena,250g,Alpina,Natural,2500,Avena250 gAlpinaNatural.jpg
Jabon Cocina ,500g,Axion,Limon,3990,Axion500 gAxionLimon.jpg
Jabon Cocina ,900g,Axion,Limon,7650,Axion900 gAxionLimon.jpg
Azucar ,1K,Manuelita ,,3900,Azucar 1KManuelita .jpg
Azucar,500g,Incauca ,Blanca ,1700,Azucar500gIncauca Blanca .jpg
Azucar,500g,Incauca ,Morena ,1700,Azucar500gIncauca Morena .jpg
Barquillos,45 g,Piazza,Vainilla ,1600,Barquillos45 gPiazzaVainilla .jpg
Barra de Cereal ,23g ,Tosh ,Avena y Almendras ,1900,Barra de Cereal 23g Tosh Avena y Almendras .jpg
Barra de Cereal ,23g ,Tosh ,Chocolate ,1900,Barra de Cereal 23g Tosh Chocolate .jpg
Barra de Cereal ,23g ,Tosh ,Con Nueces ,1900,Barra de Cereal 23g Tosh Con Nueces .jpg
Barra de Cereal ,23g ,Tosh ,Fresa,1900,Barra de Cereal 23g Tosh Fresa.jpg
Barra de Cereal ,23g ,Tosh ,Mani y Pasas ,1900,Barra de Cereal 23g Tosh Mani y Pasas .jpg
Base de Salsa ,50g,Maggi,Bolognesa ,3500,Base de Salsa 50gMaggiBolognesa .jpg
Base de Salsa ,50g,Maggi,Carbonara ,3500,Base de Salsa 50gMaggiCarbonara .jpg
Base,50g,Maggi,Carne Desmechada ,3200,Base50gMaggiCarne Desmechada .jpg
Bebida en Polvo ,175g,Instacrem,Light ,6700,Bebida en Polvo 175gInstacremLight .jpg
Bebida en Polvo ,200g,Chocolisto ,Chocolate ,3600,Bebida en Polvo 200gChocolisto .jpg
Bebida en Polvo ,200g,Milo ,,7500,Bebida en Polvo 200gMilo .jpg
Bebida en Polvo ,200g,Nesquik,Chocolate,4700,Bebida en Polvo 200gNesquikChocolate.jpg
Bebida en Polvo ,30g ,Suntea ,Te Limon ,2500,Bebida en Polvo 30g Suntea Te Limon .jpg
Bebida en Polvo ,30g ,Suntea ,Te Maracuya ,2500,Bebida en Polvo 30g Suntea Te Maracuya .jpg
Bebida Lactea ,100g,Yox,Defensis Fresa,1500,Bebida Lactea 100gYoxDefensis Fresa.jpg
Bebida Lactea ,100g,Yox,Defensis Melocoton ,1500,Bebida Lactea 100gYoxDefensis Melocoton .jpg
Bebida Lactea ,100g,Yox,Defensis Multifrutas,1500,Bebida Lactea 100gYoxDefensis Multifrutas.jpg
Bebida Lactea ,170g,Finesse,Con Musli,2900,Bebida Lactea 170gFinesseCon Musli.jpg
Bebida Hidratante ,500ml ,Gatorade,Frutas Tropicales,2900,Bebidas Hidratantes500 ml GatoradeFrutas Tropicales.jpg
Bebida Hidratante ,500ml,Gatorade,Mandarina ,2900,Bebidas Hidratantes500 mlGatoradeMandarina .jpg
Bebida Hidratante ,500ml,Gatorade,Maracuya,2900,Bebidas Hidratantes500 mlGatoradeMaracuya.jpg
Bebida Hidratante ,500ml,Gatorade,Uva,2900,Bebidas Hidratantes500mlGatoradeUva.jpg
Agua,600ml,Cristal,Sin Gas ,2200,BebidasAgua600 mlCristal.jpg
Agua,600ml,Manantial,Sin Gas ,2200,BebidasAgua600 mlManantialNatural.jpg
Energizante,240ml,Vive 100,,2000,BebidasEnergizante240 mlVive 100.jpg
Gaseosa,1.5L,Coca Cola,,3800,BebidasGaseosa1.5 LCoca Cola.jpg
Gaseosa,2.5L,Coca Cola,,4900,BebidasGaseosa2.5 LCoca Cola.jpg
Gaseosa,2.5L,Postobon,Manzana,5900,BebidasGaseosa2.5 LPostobonManzana.jpg
Gaseosa,2.5L,Postobon,Uva,6500,BebidasGaseosa2.5 LPostobonUva.jpg
Gaseosa,600ml,Coca Cola,,2600,BebidasGaseosa600 mlCoca Cola.jpg
Jugo ,1L,Tampico,Naranja,4100,BebidasJugo de Naranja1LTampico.jpg
Gaseosa,1.5L,Pony Malta,,3500,BebidasPony Malta1.5 LBavaria.jpg
Gaseosa,330cc,Pony Malta,,1700,BebidasPony Malta330 ccBavaria.jpg
Te,1.5L,Mr Tea,Limon,4500,BebidasTe1.5 LMr TeaLimon.jpg
Te,400ml,Fuze Tea,Negro Durazno ,1900,BebidasTe400 mlFuze TeaNegro Durazno .jpg
Te,400ml,Fuze Tea,Negro Limon,2100,BebidasTe400 mlFuze TeaNegro Limon.jpg
Betun,100g,Cherry,Negro,7700,Betun100 gCherryNegro.jpg
Bimboletes ,55g,Bimbo ,Vainilla ,1000,Bimboletes 55gBimbo Vainilla .jpg
Bon Bon Bum,Unidad,Bon Bon Bum,Fresa,400,Bon Bon Bum1uBon Bon BumFresa.jpg
Bon Bon Bum,Unidad,Bon Bon Bum,Mandarina ,400,Bon Bon Bum1uBon Bon BumMandarina .jpg
Bon Bon Bum,24u,Bon Bon Bum,Rojo Fresa ,7400,Bon Bon Bum24uBon Bon BumRojo Fresa .jpg
Bonfiest,6u,Bonfiest,Lua Plus ,10900,Bonfiest6uBonfiestLua Plus .jpg
Bonyurt,140g,Alpina,Galleta Triturada ,2100,Bonyurt140gAlpinaGalleta Triturada .jpg
Bonyurt,161g,Alpina,Chokogozzo,2000,Bonyurt161gAlpinaChokogozzo.jpg
Bronquisol,120ml,Jgb,Con Miel,12230,Bronquisol120 mlJgbCon Miel.jpg
Brownie ,50g,Mama-ia,Chocolate ,2400,Brownie 50gMama-iaChocolate .jpg
Brownie ,50g,Mama-ia,Chocolate con Azucar,2400,Brownie 50gMama-iaChocolate con Azucar.jpg
Brownie ,65g,Choco Brownie ,Arequipe ,1900,Brownie 65gChoco Brownie Arequipe .jpg
Brownie ,70g,Mr Brown,Chocolate,2400,Brownie 70gMr BrownChocolate.jpg
Brownie ,80g,Mr Brown,Arequipe ,2400,Brownie 80gMr BrownArequipe .jpg
Buscapina,10 Comprimidos,BI,Compositum,8420,Buscapina10 ComprimidosBICompositum.jpg
Cabello de Angel ,250g,Doria ,,2500,Cabello de Angel 250gDoria .jpg
Caldo de Gallina,12u,Maggi,,3700,Caldo de Gallina12uMaggi.jpg
Canela ,20g,El Rey ,,2500,Canela 20gEl Rey .jpg
Canela Molida ,50g,El Rey ,,1600,Canela Molida 50gEl Rey .jpg
Caramelos ,100u,Coffee Delight ,,7500,Caramelos 100uCoffee Delight .jpg
Caramelos ,25g,Sparkies,,1500,Caramelos 25gSparkies.jpg
Jamon,450g,Pietran,,12400,Carnes FriasJamon450 gPietran.jpg
Alimento Perro,1.5K,Purina Cat Chow,Adultos Activos,23600,Cat Chow1.5 KgPurinaAdultos Activos.jpg
Cepillo de  Dientes,Unidad,Colgate,360 Sensitive,13890,Cepillo de  DientesUnidadColgate360 Sensitive.jpg
Cepillo de  Dientes,Unidad,Pro,Doble Accion ,7400,Cepillo de  DientesUnidadProDoble Accion .jpg
Cepillo de Dientes,Unidad,Oral-B,Medio 40,16650,Cepillo de DientesUnidadOral-BMedio 40.jpg
Cepillo de Dientes,Unidad,Pro,Deluxe,6600,Cepillo de DientesUnidadProDeluxe.jpg
Cereal ,320g,Chocho Krispis ,,10600,Cereal 320gChocho Krispis .jpg
Cereal ,400g,Special K Original ,Special K Original ,11300,Cereal 400gSpecial KOriginal .jpg
Cereal ,420g,Zucaritas ,,9600,Cereales420gZucaritas .jpg
Cereal ,200g,Corn Flakes,Original,5300,CerealesCorn Flakes200 gKellogsOriginal.jpg
Cereal ,260g,Fitness,,9100,CerealesFitness260 gNestle.jpg
Cereal ,405g,Froot Loops,,15700,CerealesFroot Loops405 gKellogs.jpg
Cerveza,330ml,Heineken,,6900,Cerveza330mlHeineken.jpg
Cheese Tris ,45g,Cheese Tris ,,1400,Cheese Tris 45gCheese Tris .jpg
Cheetos ,40g,Cheetos ,Queso Cremoso ,1500,Cheetos 40gCheetos Queso Cremoso .jpg
Cheetos ,50g,Cheetos ,Horneados Trissitos,1500,Cheetos 50gCheetos Horneados Trissitos.jpg
Cheetos ,53g,Cheetos ,Horneados Mix Extra Queso ,1500,Cheetos 53gCheetos Horneados Mix Extra Queso .jpg
Cheetos ,50g,Cheetos ,Horneados ,1500,Cheetos 56gCheetos Horneados .jpg
Cherry,750ml,Manischewitz,,39900,Cherry750mlManischewitz.jpg
Chicarron Americano ,13g,Jacks,Natural,1500,Chicarron Americano 13gJacksNatural.jpg
Chicles,12u,Adams,Canela ,1500,Chicles12uChicletsCanela .jpg
Chicles,12u,Adams,Menta,1500,Chicles12uChicletsMenta.jpg
Chicles,12u,Adams,Tutti Frutti ,1500,Chicles12uChicletsTutti Frutti .jpg
Chicles,12u,Trident ,Total Fresa,2900,Chicles12uTrident Total Fresa.jpg
Chicles,12u,Trident ,Total Menta ,2900,Chicles12uTrident Total Menta .jpg
Chicles,12u,Trident ,Total Yerbabuena ,2900,Chicles12uTrident Total Yerbabuena .jpg
Chicles,14u,Trident ,London Cult Mint ,2900,Chicles14uTrident London Cult Mint .jpg
Chicles,14u,Trident ,Manhattan Night Mint ,2900,Chicles14uTrident Manhattan Night Mint .jpg
Chicles,18u,Trident Sensations,Island Berry Lime ,2900,Chicles18uTrident Island Berry Lime .jpg
Chicles,18u,Trident ,Mint Bliss ,2900,Chicles18uTrident Mint Bliss .jpg
Chicles,18u,Trident Sensations,Durazno Mango ,2900,Chicles18uTrident SensationsDurazno Mango .jpg
Chicles,8u,Trident Splash,Fresa con Limon ,2500,Chicles18uTrident SplashFresa con Limon .jpg
Chicles,18u,Trident ,Wintergreen,2900,Chicles18uTrident Wintergreen.jpg
Chicles,6u,Trident Fresh,Intense ,1900,Chicles6uTrident FreshIntense .jpg
Chicles,6u,Trident ,Menta,1500,Chicles6uTrident Menta.jpg
Chicles,6u,Trident ,Mora Azul ,1500,Chicles6uTrident Mora Azul .jpg
Chicles,6u,Trident ,Sandia ,1500,Chicles6uTrident Sandia .jpg
Chicles,6u,Trident ,Total Menta ,1900,Chicles6uTrident Total Menta .jpg
Chicles,6u,Trident ,Tropical ,1500,Chicles6uTrident Tropical .jpg
Chicles,8u,Trident Splash,Menta con Vainilla ,2500,Chicles8uTrident SplashMenta con Vainilla .jpg
Chiclets ,12u,Adams,Yerbabuena ,1500,Chiclets 12uAdamsYerbabuena .jpg
Choco Break ,50u,Choco Break ,Ball,5700,Choco Break 50uChoco Break Ball.jpg
Chocolate ,250g,Corona ,Tradicional ,3100,Chocolate 250gCorona Tradicional .jpg
Chocolate ,250g,Diana ,Clavos y Canela ,3400,Chocolate 250gDiana Clavos y Canela .jpg
Chocolate ,250g,Sol,Con Azucar,3400,Chocolate 250gSolCon Azucar.jpg
Chocolate ,500g,Bogotano ,Chocolate de Mesa con Azucar ,6100,Chocolate 500gBogotano Chocolate de Mesa con Azucar .jpg
Chocolate ,500g,Corona ,Tradicional ,5900,Chocolate 500gCorona Tradicional .jpg
Chocolate ,500g,Diana ,Clavos y Canela ,5900,Chocolate 500gDiana Clavos y Canela .jpg
Chocolate ,500g,Sol,Con Azucar,5900,Chocolate 500gSolCon Azucar.jpg
Chocolatina ,100g,Jumboo ,Mani ,4000,Chocolatina 100gJumboo Mani .jpg
Chocolatina ,12g,Jet ,,500,Chocolatina 12gJet .jpg
Chocolatina ,22g,Jet ,Wafer ,1300,Chocolatina 22gJet Wafer .jpg
Chocolatina ,24g,Jet ,Blanca ,1400,Chocolatina 24gJet Blanca .jpg
Chocolatina ,30g ,Jet ,,1500,Chocolatina 30g Jet .jpg
Chocolatina ,40g,Jumbo ,Mani ,2800,Chocolatina 40gJumbo Mani .jpg
Chocolatina ,52.7g,Snickers,,2500,Chocolatina 52.7gSnickers.jpg
Chocolatina ,52g,Milky Way ,,2500,Chocolatina 52gMilky Way .jpg
Chokis ,19g,Chokis ,,1500,Chokis 19gChokis .jpg
Cholitos ,240g,Choclitos ,Limon XXL,3500,Cholitos 240gChoclitos Limon XXL.jpg
Cholitos ,29g,Choclitos ,Limon ,900,Cholitos 29gChoclitos Limon .jpg
Chupeta ,25u,Tipitin ,Leche ,2000,Chupeta 25uTipitin Leche .jpg
Chupeta,24u,Pirulito ,Leche ,4500,Chupeta24uPirulito Leche .jpg
Cigarrillos ,10u,Belmont,,1900,Cigarrillos 10uBelmont.jpg
Cigarrillos ,10u,Kool,Blue,2500,Cigarrillos 10uKoolBlue.jpg
Cigarrillos ,10u,Kool,White,2500,Cigarrillos 10uKoolWhite.jpg
Cigarrillos ,10u,Marlboro ,Gold,2500,Cigarrillos 10uMarlboro Gold.jpg
Cigarrillos ,10u,Marlboro ,Ice Express,2500,Cigarrillos 10uMarlboro Ice.jpg
Cigarrillos ,10u,Mustang,,1900,Cigarrillos 10uMustang.jpg
Cigarrillos ,20u,Kool,Blue,4900,Cigarrillos 20uKoolBlue.jpg
Cigarrillos ,20u,Kool,White,4900,Cigarrillos 20uKoolWhite.jpg
Cigarrillos ,20u,Lucky Strike,,4900,Cigarrillos 20uLucky Strike.jpg
Cigarrillos ,20u,Mustang ,,4000,Cigarrillos 20uMustang .jpg
Cigarrillos ,18u,Piel Roja,,3200,Cigarrillos Piel Roja.jpg
Clorox,1000 cm3,Clorox,Lavanda,3720,Clorox1000 cm3CloroxLavanda.jpg
Clorox,1000 cm3,Clorox,Regular,3420,Clorox1000 cm3CloroxRegular.jpg
Color,55g,El Rey ,,1200,Color55gEl Rey .jpg
Comino ,55g,El Rey ,,2500,Comino 55gEl Rey .jpg
Compota,113g,Alpina,Pera,2340,Compota113 gAlpinaPera.jpg
Compota,113g,Heinz,Pera,2300,Compota113 gHeinzPera.jpg
Condones ,3u,M,Mayor Placer ,8900,Condones 3uMMayor Placer .jpg
Condones ,3u,M,Natural,7600,Condones 3uMNatural.jpg
Condones,3u,Today,Hot Sensation,8900,Condones3 UnidadesTodayHot Sensation.jpg
Condones,3u,Today,Lubricado,9500,Condones3 UnidadesTodayLubricado.jpg
Condones,3u,Today,Punto G,8900,Condones3 UnidadesTodayPunto G.jpg
Condones,3u,Today,Triple Pleasure,9500,Condones3 UnidadesTodayTriple Pleasure.jpg
Bon Bon Bum,24u,Bon Bon Bum,Surtido ,7400,Confiteria y Dulces Bombon Paquete 24 undBon Bon BumSurtido .jpg
Menta ,17g ,Halls XS,Mentho Lyptus ,1800,Confiteria y Dulces Menta17 g Halls XS.jpg
Crema  Dental,75ml,Colgate,Triple Accion,4300,Crema  Dental75 mlColgateTriple Accion.jpg
Crema ,76g,Maggi,Tomate,2800,Crema 76gMaggiTomate.jpg
Crema ,88g,La Sopera,Ajiaco ,2900,Crema 88gLa SoperaAjiaco .jpg
Crema ,90g,La Sopera,Pollo,2900,Crema 90gLa SoperaPollo.jpg
Crema ,41.5g,La Sopera,Ajiaco ,1900,Crema de Ajiaco41.5gLa Sopera.jpg
Crema de Leche ,125g,Alqueria,,3500,Crema de Leche 125gAlqueria.jpg
Crema de Leche ,250g,Alpina,,4900,Crema de Leche 250gAlpina.jpg
Crema de Leche ,295g,Nestle,,5900,Crema de Leche 295gNestle.jpg
Crema,45g,La Sopera,Pollo con Verduras ,1900,Crema de Pollo con Verduras 45gLa Sopera.jpg
Crema de Whisky,375ml,Baileys,Original ,25900,Crema de Whisky375mlBaileysOriginal .jpg
Crema de Whisky,750ml,Baileys,Original ,43900,Crema de Whisky750mlBaileysOriginal .jpg
Crema Dental ,100ml,Colgate ,Triple Accion ,4900,Crema Dental 100mlColgate Triple Accion .jpg
Crema Dental,100ml x 3,Colgate,Triple Accion,12800,Crema Dental100 ml x 3ColgateTriple Accion.jpg
Crema Dental,140g,Oral-B,3D White,10620,Crema Dental140 gOral-B3D White.jpg
Crema Dental,150ml,Colgate,Menta Anticaries,7300,Crema Dental150 mlColgateMenta Anticaries.jpg
Crema Dental,70g,Colgate,Luminous White,11260,Crema Dental70 gColgateLuminous White.jpg
Crema Dental,75ml x 3,Colgate ,Triple Accion,8800,Crema Dental75 ml x 3Colgate Triple Accion.jpg
Crema Dental,75ml x 3,Colgate,Econo Pack,7800,Crema Dental75 ml x 3ColgateEcono Pack.jpg
Crema Dental,75ml,Colgate,Luminous White,8400,Crema Dental75 mlColgateLuminous White.jpg
Crema Dental,75ml,Colgate,Total 12,8400,Crema Dental75 mlColgateTotal 12.jpg
Crema Dental,75ml,Colgate,Triple Accion,7300,Crema Dental75 mlColgateTriple Accion.jpg
Crema,70g,Maggi,Pollo,2800,Crema70gMaggiPollo.jpg
Crispetas ,96g,Act II,Queso Cheddar,4400,Crispetas 96gAct IIQueso Cheddar.jpg
Crispetas,161.25g,Act II,Caramelo ,4400,Crispetas161.25gAct IICaramelo .jpg
Crispetas,91g,Act II,Mantequilla Extra ,2800,Crispetas91gAct IIMantequilla Extra .jpg
De Todito,37g,De Todito,BBQ 4,2000,De Todito37gDe ToditoBBQ 4.jpg
De Todito,37g,De Todito,Mayo con Mostaza 4,2000,De Todito37gDe ToditoMayo con Mostaza 4.jpg
De Todito,48g,De Todito,Criollo 4,3900,De Todito48gDe ToditoCriollo 4.jpg
De Todito,48g,De Todito,Mix,2000,De Todito48gDe ToditoMix.jpg
De Todito,48g,De Todito,Paketon BBQ,2000,De Todito48gDe ToditoPaketon BBQ.jpg
De Todito,48g,De Todito,Paketon Natural,2000,De Todito48gDe ToditoPaketon Natural.jpg
Desodorante ,20g,Lady Speed Stick,Double Defense ,9200,Desodorante 20gLady Speed StickDouble Defense .jpg
Desodorante ,30ml,Rexona ,V8,9100,Desodorante 30mlRexona V8.jpg
Desodorante ,30ml,Rexona Women ,Bamboo,9100,Desodorante 30mlRexona Women Bamboo.jpg
Desodorante ,76g,Speed Stick,24/7,10100,Desodorante 76gSpeed Stick24-7.jpg
Desodorante,45g,Speed Stick,Lady Wild Fressia,10380,Desodorante45 gSpeed StickLady Wild Fressia.jpg
Desodorante,50g,Rexona,V8,12960,Desodorante50 gRexonaV8.jpg
Desodorante,50g,Speed Stick,Original,11090,Desodorante50 gSpeed StickOriginal.jpg
Desodorante,85g,Speed Stick,Original Gel,13880,Desodorante85 gSpeed StickOriginal Gel.jpg
Detergente As,1000g,Dersa,Limon,5080,Detergente As1000 gDersaLimon.jpg
Comida Perro ,1K,Purina Dog Chow,Adultos,10100,Dog Chow1 KPurinaAdultos.jpg
Comida Perro ,374g,Purina Dog Chow,Cordero y Arroz,7070,Dog Chow374 gPurinaCordero y Arroz.jpg
Comida Perro ,374g,Purina Dog Chow,Pavo y Pollo,7070,Dog Chow374 gPurinaPavo y Pollo.jpg
Dolex Forte,8 Tabletas,Dolex,Dolor Fuerte,8780,Dolex Forte8 TabletasGskDolor Fuerte.jpg
Dolex Gripa,12 Tabletas,Dolex,Triple Accion,7000,Dolex Gripa12 TabletasGskTriple Accion.jpg
Dolex,8u,Dolex,Forte ,8200,Dolex8uDolexForte .jpg
Doritos ,190g,Doritos ,Mega Queso,3500,Doritos 190gDoritos Mega Queso.jpg
Doritos ,30g ,Doritos ,Queso Atrevido ,1300,Doritos 30g Doritos Queso Atrevido .jpg
Emulsion de Scott,450cm3,Scott,Regular,17100,Emulsion de Scott450 cm3ScottRegular.jpg
Encendedor,Unidad,Bic,,2000,EncendedorUnidadBic.jpg
Energizante,250ml,Red Bull,,5500,Energizante250mlRed Bull.jpg
Energizante,330ml,Peak,,3900,Energizante330mlPeak.jpg
Energizante,470ml,Vive 100,,2600,Energizante470mlVive 100.jpg
Energizante,500ml,Monster ,,5400,Energizante500mlMonster .jpg
Salchichas Frankfurt ,380g ,Zenu,Lata 7 und ,5700,Enlatados y Conservas Salchichas Frankfurt Lata 380 g ZenuLata 7 und .jpg
Espuma de Afeitar ,396g,Jgb,Piel Normal ,16900,Espuma de Afeitar 396gJgbPiel Normal .jpg
Espuma de Afeitar,420ml,Jgb,Piel Normal,9750,Espuma de Afeitar420 mlJgbPiel Normal.jpg
Fab,900g,Fab,Floral,7400,Fab900 gFabFloral.jpg
Fideos ,250g,Doria ,,2500,Fideos 250gDoria.jpg
Galletas ,12u,Festival ,Chocolate ,4900,Galletas 12uFestival Chocolate .jpg
Galletas ,12u,Festival ,Fresa,4900,Galletas 12uFestival Fresa.jpg
Galletas ,12u,Festival ,Limon ,4900,Galletas 12uFestival Limon .jpg
Galletas ,12u,Festival ,Vainilla ,4900,Galletas 12uFestival Vainilla .jpg
Galletas ,168g,Club Social ,Queso Provolone ,3500,Galletas 168gClub Social Queso Provolone .jpg
Galletas ,241g,Ducales ,,4900,Galletas 241gDucales .jpg
Galletas ,26g,Club Social ,Original ,1200,Galletas 26gClub Social Original .jpg
Galletas ,27g,Fitness ,Ajonjoli ,900,Galletas 27gFitness Ajonjoli .jpg
Galletas ,27g,Tosh ,Ajonjoli ,1200,Galletas 27gTosh Ajonjoli .jpg
Galletas ,28g,Bridge ,Fresa ,1300,Galletas 28gBridge Fresa .jpg
Galletas ,28g,Bridge ,Vainilla,1300,Galletas 28gBridge Vainilla.jpg
Galletas ,300g,Saltin Noel ,Tradicional ,3300,Galletas 300gSaltin Noel Tradicional .jpg
Galletas ,30g ,Fitness ,Miel ,900,Galletas 30g Fitness Miel .jpg
Galletas ,30g ,Quaker ,Chocolate ,1200,Galletas 30g Quaker Chocolate .jpg
Galletas ,30g ,Quaker ,Uvas Pasas ,1200,Galletas 30g Quaker Uvas Pasas .jpg
Galletas ,30g ,Tosh ,Miel ,1200,Galletas 30g Tosh Miel .jpg
Galletas ,33.6g,Festival ,Chocolate,700,Galletas 33.6gFestival Chocolate.jpg
Galletas ,33.6g,Festival ,Fresa ,700,Galletas 33.6gFestival Fresa .jpg
Galletas ,33.6g,Festival ,Vainilla,700,Galletas 33.6gFestival Vainilla.jpg
Galletas ,36.4g,Milo ,Sandwich ,700,Galletas 36.4gMilo Sandwich .jpg
Galletas ,36g,Oreo ,,900,Galletas 36gOreo .jpg
Galletas ,38g,La Lechera ,Sandwich ,700,Galletas 38gLa Lechera Sandwich .jpg
Galletas ,40g,Cocosette ,Sandwich ,700,Galletas 40gCocosette Sandwich .jpg
Galletas ,415g,Saltin Noel ,Integral ,2400,Galletas 415gSaltin Noel Integral .jpg
Galletas ,9u,Club Social ,Integral ,3500,Galletas 9uClub Social Integral .jpg
Galletas ,9u,Club Social ,Original ,3500,Galletas 9uClub Social Original .jpg
Gaseosa ,500ml,Coca Cola ,,2200,Gaseosa 500 mlCoca Cola .jpg
Gaseosa ,600ml,Coca Cola ,Cero,2600,Gaseosa 600mlCoca Cola Cero.jpg
Gaseosa ,600ml,Coca Cola ,Light ,2600,Gaseosa 600mlCoca Cola Light .jpg
Gaseosa,1.4L,Cuatro ,Toronja,3500,Gaseosa1.4LCuatro Toronja.jpg
Gaseosa,1.4L,Sprite ,,3900,Gaseosa1.4LSprite .jpg
Gaseosa,1.5L,Postobon,Colombiana,3900,Gaseosa1.5 LPostobonColombiana.jpg
Gaseosa,1.5L,Postobon,Manzana ,3500,Gaseosa1.5 LPostobonManzana .jpg
Gaseosa,1.5L,7 Up ,,3500,Gaseosa1.5L7 Up .jpg
Gaseosa,1.5L,Pepsi,,3500,Gaseosa1.5LPepsi.jpg
Gaseosa,2.5L,Postobon,Naranja ,5900,Gaseosa2.5LPostobonNaranja .jpg
Gaseosa,250ml,Coca Cola,,1000,Gaseosa250mlCoca Cola.jpg
Gaseosa,300ml,Postobon ,Colombiana ,1200,Gaseosa300mlColombiana .jpg
Gaseosa,300ml,Pepsi,,2200,Gaseosa300mlPepsi.jpg
Gaseosa,330ml,Coca Cola,,2000,Gaseosa330mlCoca Cola.jpg
Gaseosa,330ml,Coca Cola,Zero ,2000,Gaseosa330mlCoca ColaZero .jpg
Gaseosa,3L,Cuatro ,Toronja ,5400,Gaseosa3LCuatro Toronja .jpg
Gaseosa,3L,Sprite ,,3900,Gaseosa3LSprite .jpg
Gaseosa,400ml,Cuatro ,Toronja ,2000,Gaseosa400mlCuatro Toronja .jpg
Gaseosa,500ml,Sprite ,,2600,Gaseosa500mlSrpite.jpg
Gaseosa,600ml,7 Up ,,2600,Gaseosa600ml7 Up .jpg
Gaseosa,600ml,Postobon,Colombiana,2600,Gaseosa600mlColombiana .jpg
Gaseosa,600ml,Postobon ,Manzana ,2600,Gaseosa600mlManzana .jpg
Gaseosa,600ml,Pepsi ,,2600,Gaseosa600mlPepsi .jpg
Gatsy,500g,Purina,Carne, Arroz,4410,Gatsy500 gPurinaCarne, Arroz.jpg
Gatsy,500g,Purina,Pescado, Arroz,4410,Gatsy500 gPurinaPescado, Arroz.jpg
Gel,120ml,Ego,Extreme Max,2400,Gel120 mlEgoExtreme Max.jpg
Gel,240ml,Ego,Extreme Max,7300,Gel240mlEgoExtreme Max.jpg
Ginebra ,750ml,Bombay Sapphire,,104000,Ginebra 750mlBombay Sapphire.jpg
Ginger ,300ml,Canada Dry ,,1600,Ginger 300mlCanada Dry .jpg
Golpe ,45g,Golpe ,Original ,1300,Golpe 45gGolpe Original .jpg
Granola,300g,Tosh,Fresa,6600,Granola300gToshFresa.jpg
Harina ,500g,Haz de Oros,,1800,Harina 500gHaz de Oros.jpg
Harina Pan,1K,Pan,,3200,Harina Pan1KPan.jpg
Jabon ,110g,Lux,Suavidad de Petalos ,2900,Jabon 110gLuxSuavidad de Petalos .jpg
Jabon ,125g,Rexona ,Nutrive,2900,Jabon 125gRexona Nutrive.jpg
Jabon Coco,300g,Varela,Blanco,2900,Jabon Coco300 gVarelaBlanco.jpg
Jabon Puro,235g,Puro,Fuerza Azul,1232,Jabon Puro235 gPuroFuerza Azul.jpg
Jabon Rey,300g,Rey,Regular,1420,Jabon Rey300 gReyRegular.jpg
Jabon,125g,Lux,Toque de Vino,5000,Jabon125 gLuxToque de Vino.jpg
Jabon,130g,Protex,Aloe,6000,Jabon130 gProtexAloe.jpg
Jamon de Pavo ,225g,Pietran ,,11600,Jamon de Pavo 225gPietran .jpg
Jugo ,2.5L,Del Valle ,Mandarina ,3700,Jugo 2.5LDel Valle Mandarina .jpg
Jugo ,2.5L,Del Valle ,Naranja ,3700,Jugo 2.5LDel Valle Naranja .jpg
Jugo ,200ml,Frutto ,Durazno ,1500,Jugo 200mlFrutto Durazno .jpg
Jugo ,200ml,Frutto ,Mango ,1500,Jugo 200mlFrutto Mango .jpg
Jugo ,200ml,Frutto ,Pera,1500,Jugo 200mlFrutto Pera.jpg
Jugo ,200ml,Hit ,Mora ,1300,Jugo 200mlHit Mora .jpg
Jugo ,237ml,Hit ,Mango ,1500,Jugo 237mlHit Mango .jpg
Jugo ,237ml,Hit ,Mora ,1500,Jugo 237mlHit Mora .jpg
Jugo ,237ml,Soka ,Fresa ,1400,Jugo 237mlSoka Fresa .jpg
Jugo ,237ml,Soka ,Lulo ,1400,Jugo 237mlSoka Lulo .jpg
Jugo ,237ml,Soka ,Mango ,1400,Jugo 237mlSoka Mango .jpg
Jugo ,237ml,Soka ,Maracuya,1400,Jugo 237mlSoka Maracuya.jpg
Jugo ,2L,Tangelo ,Naranja,5000,Jugo 2LTangelo Naranja.jpg
Jugo ,300ml,Soka ,Mora,1700,Jugo 300mlSoka Mora.jpg
Jugo ,400ml,Del Valle ,Naranja ,2000,Jugo 400mlDel Valle Naranja .jpg
Jugo ,450ml,Tangelo ,,2200,Jugo 450mlTangelo .jpg
Jugo ,500ml,Hit ,Frutas Tropicales,2200,Jugo 500mlHit Frutas Tropicales.jpg
Jugo ,500ml,Hit ,Lulo ,2200,Jugo 500mlHit Lulo .jpg
Jugo ,500ml,Hit ,Mango ,2200,Jugo 500mlHit Mango .jpg
Jugo ,600ml,Del Valle ,Naranja ,2000,Jugo 600mlDel Valle Naranja .jpg
Kekito ,50g,Bimbo ,Gotas de Chocolate ,2300,Kekito 50gBimbo Gotas de Chocolate .jpg
Kumis,200g,Alpina,,2900,Kumis200gAlpina.jpg
Mantequilla ,125g,Alpina,Con Sal,2100,Lacteos Mantequilla 125 gAlpinaCon Sal.jpg
Margarina ,250 g,Rama,Con Sal,7800,Lacteos Margarina 250 gRamaCon Sal.jpg
Avena,250 g,Alpina,Canela,2000,LacteosAvena250 gAlpinaCanela.jpg
Avena,250 g,Alpina,Deslactosada,2100,LacteosAvena250 gAlpinaDeslactosada.jpg
Bonyurt,169g,Alpina,Choco Krispis,2800,LacteosBonyurt169 gAlpinaChoco Krispis.jpg
Bonyurt,169g,Alpina,Froots Loops,2800,LacteosBonyurt169 gAlpinaFroots Loops.jpg
Bonyurt,170g,Alpina,Zucaritas,2800,LacteosBonyurt170 gAlpinaZucaritas.jpg
Queso,100g,Alpina,Parmesano,8100,LacteosQueso100 gAlpinaParmesano.jpg
Queso,250g,Alpina,Mozarella,6300,LacteosQueso250 gAlpinaMozarella.jpg
Yogurt,200g,Alpina,Fresa,2200,LacteosYogurt200 gAlpinaFresa.jpg
Leche ,1.1L,Alpina ,Deslactosada Descremada ,2700,Leche 1.1LAlpina Deslactosada Descremada .jpg
Leche ,1.1L,Alpina ,Entera,2700,Leche 1.1LAlpina Entera.jpg
Leche ,1.1L,Alqueria ,Deslactosada ,4000,Leche 1.1LAlqueria Deslactosada .jpg
Leche ,1.1L,Alqueria ,Entera,3900,Leche 1.1LAlqueria Entera.jpg
Leche ,1.3L,Alqueria ,Deslactosada ,4400,Leche 1.3LAlqueria Deslactosada .jpg
Leche ,1.3L,Alqueria ,Entera,3400,Leche 1.3LAlqueria Entera.jpg
Leche ,1L ,Alqueria ,0 Grasa Caja ,3400,Leche 1L Alqueria 0 Grasa Caja .jpg
Leche ,1L ,Alqueria ,Deslactosada Caja,3500,Leche 1L Alqueria Deslactosada Caja.jpg
Leche ,1L ,Alqueria ,Digestive Deslactosada Caja,3400,Leche 1L Alqueria Digestive Deslactosada Caja.jpg
Leche ,1L,Alpina ,Deslactosada Caja,3700,Leche 1LAlpina Deslactosada .jpg
Leche ,1L,Alpina ,Enriquecida Caja,3500,Leche 1LAlpina Enriquecida .jpg
Leche ,1L,Alpina ,Entera Caja ,3600,Leche 1LAlpina Entera.jpg
Leche ,1L,Alpina ,Semi Descremada Caja ,3700,Leche 1LAlpina Semi Descremada .jpg
Leche ,1L,Alqueria ,Entera,3800,Leche 1LAlqueria Entera.jpg
Leche ,1L,Colanta,Deslactosada Caja,2700,Leche 1LColanta Deslactosada .jpg
Leche ,1L,Colanta,Entera Caja ,2700,Leche 1LColanta Entera Caja .jpg
Leche ,1L,Colanta,Slight Deslactosada Caja,2700,Leche 1LColanta Slight Deslactosada Caja.jpg
Leche Condensada,300g,La Lechera,,5000,Leche Condensada300gLa Lechera.jpg
Leche Condensada,395g,La Lechera,,6500,Leche Condensada395gLa Lechera.jpg
Leche en Polvo ,1700g,Klim ,1+,42000,Leche en Polvo 1700gKlim 1+.jpg
Leche en Polvo ,364g,Klim ,Nutri Rinde ,8600,Leche en Polvo 364gKlim Nutri Rinde .jpg
Leche en Polvo,500g,Klim,1+,14160,Leche en Polvo500 gKlim1+.jpg
Leche en Polvo,500g,Klim,Fortificada,10920,Leche en Polvo500 gKlimFortificada.jpg
Leche Saborizada ,200ml,Alpin ,Chocolate ,2200,Leche Saborizada 200mlAlpin Chocolate .jpg
Leche Saborizada ,200ml,Alpin ,Fresa ,2200,Leche Saborizada 200mlAlpin Fresa .jpg
Aguardiente ,375ml,Nectar,Azul Sin Azucar,18100,Licores Aguardiente 375 mlNectarAzul Sin Azucar.jpg
Aguardiente ,375ml,Nectar,Rojo,13400,Licores Aguardiente 375 mlNectarRojo.jpg
Aguardiente ,750ml,Cristal,,22100,Licores Aguardiente 750 mlCristal.jpg
Aguardiente ,750ml,Nectar,Azul Sin Azucar,23600,Licores Aguardiente 750 mlNectarAzul Sin Azucar.jpg
Aguardiente ,750ml,Nectar,Club Verde,13400,Licores Aguardiente 750 mlNectarClub Verde.jpg
Aguardiente ,1000ml,Nectar,Azul Sin Azucarn Caja,38900,Licores Aguardiente Caja 1000 mlNectarAzul Sin Azucar.jpg
Aguardiente ,1000ml,Nectar,Club Verde,31900,Licores Aguardiente Caja 1000 mlNectarClub Verde.jpg
Aguardiente ,1000ml,Nectar,Rojo,31900,Licores Aguardiente Caja 1000 mlNectarRojo.jpg
Aguardiente ,250ml,Nectar,Azul Sin Azucar Caja,7500,Licores Aguardiente Caja 250 mlNectarAzul Sin Azucar.jpg
Aguardiente ,250ml,Nectar,Club Verde Caja,7500,Licores Aguardiente Caja 250 mlNectarClub Verde.jpg
Aguardiente ,250ml,Nectar,Rojo Caja,7500,Licores Aguardiente Caja 250 mlNectarRojo.jpg
Aperitivo ,375ml,Dubonnet,,27800,Licores Aperitivo 350 mlDubonnet.jpg
Vino,750ml,Dubonnet,,48250,Licores Aperitivo 750 mlDubonnet.jpg
Brandy,750ml,Domecq,,31950,Licores Brandy750 mlDomecq.jpg
Cerveza,355ml,Corona ,Extra,6900,Licores Cerveza330 mlCorona Extra.jpg
Cerveza,330ml,Aguila ,Lata ,2500,Licores CervezaLata 330 mlAguila .jpg
Cerveza,330ml,Aguila Cero,Lata ,2500,Licores CervezaLata 330 mlAguila Cero.jpg
Cerveza,330ml,Club Colombia ,Dorada Lata,2900,Licores CervezaLata 330 mlClub Colombia Dorada.jpg
Cerveza,330ml,Club Colombia ,Negra Lata,2900,Licores CervezaLata 330 mlClub Colombia Negra .jpg
Cerveza,330ml,Club Colombia ,Roja Lata,2900,Licores CervezaLata 330 mlClub Colombia Roja.jpg
Cerveza,330ml,Lite ,Lata ,2800,Licores CervezaLata 330 mlLite .jpg
Cerveza,330ml,Poker,Lata,2500,Licores CervezaLata 330 mlPoker.jpg
Cigarrillos ,20u,Belmont ,Blue ,4000,Licores Cigarrillos Cajetilla Belmont Blue .jpg
Cigarrillos ,20u,Marlboro ,Gold Original ,4500,Licores Cigarrillos Cajetilla Marlboro Gold Original .jpg
Cigarrillos ,20u,Marlboro ,Ice Xpress,4500,Licores Cigarrillos Cajetilla Marlboro Ice Xpress.jpg
Cigarrillos ,20u,Marlboro ,Rojo,4500,Licores Cigarrillos Cajetilla Marlboro Rojo.jpg
Cigarrillos ,10u,Marlboro ,Rojo,2500,Licores Cigarrillos Media Marlboro Rojo.jpg
Ron ,375ml,Viejo de Caldas ,,15200,Licores Ron 375 mlViejo de Caldas .jpg
Ron ,750ml,Bacardi ,Limon ,38900,Licores Ron 750 mlBacardi Limon .jpg
Ron ,750ml,Bacardi ,Superior,39000,Licores Ron 750 mlBacardi Superior.jpg
Ron ,750ml,Viejo de Caldas ,Tradicional,34900,Licores Ron 750 mlViejo de Caldas Tradicional.jpg
Tequila ,750ml,Don Julio ,Reposado ,110900,Licores Tequila 750 mlDon Julio Reposado .jpg
Vino ,750ml,Casillero del Diablo ,Cabernet Sauvignon Tinto ,44500,Licores Vino 750 mlCasillero del Diablo Cabernet Sauvignon Tinto .jpg
Vino ,750ml,Gato Negro ,Cabernet Sauvignon Tinto ,34900,Licores Vino 750 mlGato Negro Cabernet Sauvignon Tinto .jpg
Vino ,750ml,Lazo ,Cabernet  Sauvignon Tinto ,30200,Licores Vino 750 mlLazo Cabernet  Sauvignon Tinto .jpg
Vodka,350ml,Smirnoff,,30900,Licores Vodka350 mlSmirnoff.jpg
Vodka,700ml,Smirnoff,,49900,Licores Vodka700 mlSmirnoff.jpg
Vodka,750ml,Absolut ,Original ,58900,Licores Vodka750 mlAbsolut Original .jpg
Whisky,750ml,Buchanans,Master,106900,Licores Whisky750 mlBuchanansMaster.jpg
Limpido,450ml,Limpido,Multiusos Limon,3490,Limpido450 mlLimpidoMultiusos Limon.jpg
Limpido,450ml,Limpido,Multiusos,3490,Limpido450 mlLimpidoMultiusos.jpg
Enjuague Bucal ,360ml,Listerine ,Cool Mint ,15800,Listerine 360mlListerine Cool Mint .jpg
Enjuague Bucal ,180ml,Listerine,Cool Mint,8200,Listerine180 mlListerineCool Mint.jpg
Enjuague Bucal ,360ml,Listerine,Control Calculo,15100,Listerine360 mlListerineControl Calculo.jpg
Enjuague Bucal ,360ml,Listerine,Solucion,13300,Listerine360 mlListerineSolucion.jpg
M&M,48g,M&M,Chocolate ,2500,M&M48gM&MChocolate .jpg
Macarron ,250g,Doria ,,2500,Macarron 250gDoria .jpg
Leche de Magnesia,120ml,MK,Tradicional,3110,Magnesia120 mlMKTradicional.jpg
Maiz Tierno,248g,Zenu,,5500,Maiz Tierno248gZenu.jpg
Maiz Tierno,437.5g,Zenu,,5500,Maiz Tierno437.5gZenu.jpg
Maizena,30g,Maizena,Arequipe ,1900,Maizena30gMaizenaArequipe .jpg
Maizena,30g,Maizena,Vainilla ,1900,Maizena30gMaizenaVainilla .jpg
Maizena,90g,Maizena,La Original,2500,Maizena90gMaizenaLa Original.jpg
Maizitos ,30g ,Maizitos ,Naturales ,1000,Maizitos 30g Maizitos Naturales .jpg
Mani ,25g,El Manicero ,Con Sal ,900,Mani 25gEl Manicero Con Sal .jpg
Mani Moto ,40g,Mani Moto ,,800,Mani Moto 40gMani Moto .jpg
Mani,200g,La Especial,Con Pasas ,6900,Mani200gLa EspecialCon Pasas .jpg
Mani,200g,La Especial,Mezcla con Maiz Tostado, Confitado, Almendras, Arandanos ,6900,Mani200gLa EspecialMezcla con Maiz Tostado, Confitado, Almendras, Arandanos .jpg
Mani,200g,La Especial,Sal ,6900,Mani200gLa EspecialSal .jpg
Mani,50g,La Especial,Mezcla con Maiz Tostado, Confitado, Almendras, Arandanos ,1600,Mani40 gLa EspecialMezcla con Maiz Tostado, Confitado, Almendras, Arandanos .jpg
Mani,50g,La Especial,Sal ,1600,Mani40 gLa EspecialSal .jpg
Mani,40 g,La Especial,Tostado ,1600,Mani40 gLa EspecialTostado .jpg
Mani,50g,La Especial,Con Pasas ,1600,Mani50gLa EspecialCon Pasas .jpg
Mantequilla ,125g,Alpina,Sin Sal,2900,Mantequilla 125gAlpinaSin Sal.jpg
Maquina de Afeitar,2u,Gillete,Prestobarba 3,10940,Maquina de Afeitar2 UnidadesGilletePrestobarba 3.jpg
Maquina de Afeitar,2u,Gillete,Prestobarba Excel Mujer,9380,Maquina de Afeitar2 UnidadesGilletePrestobarba Excel Mujer.jpg
Maquina de Afeitar,Unidad,Gillete,Match 3,12110,Maquina de AfeitarUnidadGilleteMatch 3.jpg
Maquina de Afeitar,Unidad,Gillete,Ultragrip,2600,Maquina de AfeitarUnidadGilleteUltragrip.jpg
Margarina,250g,La Fina,,3100,Margarina250gLa Fina.jpg
Margarina,500g,La Fina,,9900,Margarina500gLa Fina.jpg
Papas ,110g,Margarita ,Onduladas Tomate ,3900,Margarita Onduladas Tomate.jpg
Masmelos ,35g,Millows ,,3300,Masmelos 35gMillows .jpg
Mayonesa,200g,Fruco ,,4400,Mayonesa200gFruco .jpg
Mayonesa,200g,La Constancia ,,3900,Mayonesa200gLa Constancia .jpg
Menta ,16g,Tic Tac ,Naranja ,1800,Menta 16gTic Tac Naranja .jpg
Menta ,17g ,Halls XS,Cherry Lyptus ,1800,Menta 17 g Halls XSCherry Lyptus .jpg
Menta ,17g ,Halls XS,Strong Lyptus ,1800,Menta 17 g Halls XSStrong Lyptus .jpg
Menta ,barra ,Halls ,Cereza Lyptus ,1200,Menta barra Halls Cereza Lyptus .jpg
Menta ,barra ,Halls ,Menta Fresca ,1200,Menta barra Halls Menta Fresca .jpg
Menta ,barra ,Halls ,Mentho Lyptus ,1200,Menta barra Halls Mentho Lyptus .jpg
Menta ,barra ,Halls ,Sandia ,1200,Menta barra Halls Sandia .jpg
Menta ,barra ,Halls ,Strong Lyptus ,1200,Menta barra Halls Strong Lyptus .jpg
Mermelada ,90g,La Constancia ,Fresa ,3900,Mermelada 90gLa Constancia Fresa .jpg
Mostaza,200g,Fruco ,,3300,Mostaza200gFruco .jpg
Mr. Musculo,500ml,Mr. Musculo,Cocina ,5100,Mr. Musculo500 mlMr. MusculoCocina .jpg
Cereal,300g,Musli,Melocoton ,7200,Musli 300gKelloggsMelocoton .jpg
Nectar ,215ml,California ,Durazno ,2000,Nectar 215mlCalifornia Durazno .jpg
Nectar ,215ml,California ,Manzana ,2000,Nectar 215mlCalifornia Manzana .jpg
Nectar ,237ml,Hit Vital ,Durazno ,1900,Nectar 237mlHit Vital Durazno .jpg
Nectar ,237ml,Hit Vital ,Manzana ,1900,Nectar 237mlHit Vital Manzana .jpg
Nectar ,237ml,Hit Vital ,Pera,1900,Nectar 237mlHit Vital Pera.jpg
Noraver Garganta ,12u,Noraver ,Pastillas Cereza,10500,Noraver 12uNoraver Pastillas Garganta .jpg
Noraver ,8u,Noraver ,Gripa ,8100,Noraver 8uNoraver Gripa .jpg
Noraver Garganta,12 Pastillas,TQ,Cereza,10720,Noraver Garganta12 PastillasTQCereza.jpg
Nosotras,10u,Nosotras,Invisible Rapigel,10520,Nosotras10 UnidadesNosotrasInvisible Rapigel.jpg
Nosotras,10u,Nosotras,Tanga Brasilera,10520,Nosotras10 UnidadesNosotrasTanga Brasilera.jpg
Nosotras,15u,Nosotras,Diarios,2460,Nosotras15 UnidadesNosotrasDiarios.jpg
Nosotras,20u,Nosotras,Normal Rapisec,9730,Nosotras20 UnidadesNosotrasNormal Rapisec.jpg
Nosotras,8u,Nosotras,Natural,7950,Nosotras8 UnidadesNosotrasNatural.jpg
Nosotras,8u,Nosotras,Ultra Invisible,8420,Nosotras8 UnidadesNosotrasUltra Invisible.jpg
Noxpirin,12 Capsulas,Farm,,9500,Noxpirin12 CapsulasFarm.jpg
Nucita ,14g,Nucita ,,500,Nucita 14gNucita .jpg
Nueces ,50g,La Especial,,1600,Nueces 50gLa Especial.jpg
Nutella ,100g,Nutella ,Avellanas con Cacao y Leche ,14300,Nutella 100gNutella Avellanas con Cacao y Leche .jpg
Oregano ,10g,El Rey ,,1900,Oregano 10gEl Rey .jpg
Palomitas ,68g,Yupi,Caramelo ,1900,Palomitas 68gYupiCaramelo .jpg
Pan Integral ,500g,Bimbo ,,4500,Pan Integral 500gBimbo .jpg
Pan Perro ,6u,Bimbo ,,2500,Pan Perro 6uBimbo .jpg
Pan Tajado ,350g,Bimbo ,Blanco ,2900,Pan Tajado 350gBimbo Blanco .jpg
Pan Tajado ,470g,Bimbo ,Blanco ,4800,Pan Tajado 470gBimbo Blanco .jpg
Pan Tajado ,550g,Santa Clara ,Extralargo,3300,Pan Tajado 550gSanta Clara Extralargo.jpg
Pan Tajado ,580g,Bimbo ,Blanco ,5800,Pan Tajado 580gBimbo Blanco .jpg
Pan Tajado,700g,Comapan,Economico 28 und,4500,Panaderia y Reposteria Pan Tajado700 gComapanEconomico 28 und.jpg
Papas ,115g,Margarita ,Limon,3900,Papas 115gMargarita Limon.jpg
Papas ,115g,Margarita ,Natural ,3900,Papas 115gMargarita Natural .jpg
Papas ,115g,Margarita ,Pollo ,3900,Papas 115gMargarita Pollo .jpg
Papas ,115g,Rizadas ,Mayonesa,3900,Papas 115gRizadas Mayonesa.jpg
Papas ,115g,Rizadas ,Pollo ,2700,Papas 115gRizadas Pollo .jpg
Papas ,137g,Pringles,Original ,6200,Papas 137gPringlesOriginal .jpg
Papas ,137g,Pringles,Queso ,6200,Papas 137gPringlesQueso .jpg
Papas ,160g,Todo Rico,Original ,4500,Papas 160gTodo RicoOriginal .jpg
Papas ,30g ,Margarita ,Pollo ,1700,Papas 30g Margarita Pollo .jpg
Papas ,30g ,Rizadas ,Limon ,1700,Papas 30g Rizadas Limon .jpg
Papas ,30g ,Rizadas ,Natural,1500,Papas 30g Rizadas Natural.jpg
Papas ,30g ,Rizadas ,Pollo ,1700,Papas 30g Rizadas Pollo .jpg
Papas ,30g ,Super Ricas,Limon,2500,Papas 30g Super RicaLimon.jpg
Papas ,30g ,Super Ricas,Natural ,2500,Papas 30g Super RicaNatural .jpg
Papas ,30g ,Super Ricas,Pollo ,2500,Papas 30g Super RicaPollo .jpg
Papas ,40g,Pringles,Crema y Cebolla ,2500,Papas 40gPringlesCrema y Cebolla .jpg
Papas ,40g,Pringles,Original ,2500,Papas 40gPringlesOriginal .jpg
Papas ,40g,Pringles,Queso ,2500,Papas 40gPringlesQueso .jpg
Papas ,45g,Todo Rico,Bar B Q ,2000,Papas 45gTodo RicoBar B Q .jpg
Papas ,45g,Todo Rico,Criollo ,2000,Papas 45gTodo RicoCriollo .jpg
Papas,30g ,Margarita ,BBQ,1700,Papas30g Margarita BBQ.jpg
Papas,30g ,Margarita ,Limon ,1700,Papas30g Margarita Limon .jpg
Papas,30g ,Margarita ,Natural ,1700,Papas30g Margarita Natural .jpg
Papas ,200g,Fosoritos ,,1900,Papas200gFosforitos.jpg
Papas,32g,Margarita ,Onduladas Crema y Especias ,1900,Papas32gMargarita Onduladas Crema y Especias .jpg
Papas,32g,Margarita ,Onduladas Tomate ,1700,Papas32gMargarita Onduladas Tomate .jpg
Papas,40g,Margarita ,Receta Clasica Sal ,1500,Papas40GMargarita Receta Clasica .jpg
Papas,40g,Margarita ,Receta Clasica Alitas BBQ,1500,Papas40gMargarita Receta Clasica Alitas BBQ.jpg
Papel Higienico,4u,Familia,Acolchamax,5120,Papel Higienico4 UnidadesFamiliaAcolchamax.jpg
Papel Higienico,Unidad,Familia,Acolchado Extragrande,3000,Papel HigienicoUnidadFamiliaAcolchado Extragrande.jpg
Papel Higienico,Unidad,Familia,Acolchado Grande,3000,Papel HigienicoUnidadFamiliaAcolchado Grande.jpg
Papel Higienico,Unidad,Familia,Acolchado,3000,Papel HigienicoUnidadFamiliaAcolchado.jpg
Papel Higienico,Unidad,Familia,Acolchamax Megarrollo,3000,Papel HigienicoUnidadFamiliaAcolchamax Megarrollo.jpg
Chocorramo,70g,Chocorramo,,1100,PaquetesChocorramo70 gChocorramo.jpg
M&M,50g,M&M,Peanut,2500,PaquetesChololatina49.3 gM&MPeanut.jpg
De Todito,45g,De Todito,BBQ,1500,PaquetesDe Todito45 gMargaritaBBQ.jpg
Doritos ,38g,Doritos,Mega Queso,1700,PaquetesNachos 38 gDoritosMega Queso.jpg
Platanos Verdes,140g,Natuchips,Platano Verde,3300,PaquetesNatuchips140 gNatuchipsPlatano Verde.jpg
Papas ,45g,Todo Rico,Natural,2000,PaquetesTodo Rico45 gTodo RicoNatural.jpg
Tostacos ,25g,Tostacos ,Picantes ,900,PaquetesTostacos25 gTostacosPicantes.jpg
Barquillos,45 g,Piazza,Fresa,1600,PasabocasBarquillos45 gPiazzaFresa.jpg
Crispetas,91g,Act II,Mantequilla,2800,PasabocasPalomitas de Maiz91 gAct IIMantequilla.jpg
Crispetas ,91g,Act II,Natural,2800,PasabocasPalomitas de Maiz91 gAct IINatural.jpg
Pastelito ,66g,Submarinos ,Arequipe ,1400,Pastelitos 60gSubmarinos Arequipe .jpg
Pastelito ,60g,Submarinos ,Fresa ,1400,Pastelitos 60gSubmarinos Fresa .jpg
Pax Dia ,24u,Pax,,26400,Pax Dia 24uPax.jpg
Pax Noche,24u,Pax,,26400,Pax Noche24uPax.jpg
Suero,500ml,Pedialyte ,Fresa 30,6900,Pedialyte 500mlPedialyte Fresa 30.jpg
Suero,500ml,Pedialyte ,Naranja 30,6900,Pedialyte 500mlPedialyte Naranja 30.jpg
Suero,500ml,Pedialyte ,Uva 30,6900,Pedialyte 500mlPedialyte Uva 30.jpg
Suero,500ml,Pedialyte,Uva,6120,Pedialyte500 mlAbbot OTCUva.jpg
Suero,500ml,Pedialyte,Cereza 30,6800,Pedialyte500 mlAbbott OTCCereza 30.jpg
Suero,500ml,Pedialyte,Fresa,6120,Pedialyte500 mlAbbott OTCFresa.jpg
Pilas,4u,Energizer,AAA,2000,Pias4 UnidadesEnergizerAAA.jpg
Pilas,2u,Duracell,AA,2000,Pilas2 UnidadesDuracellAA.jpg
Pilas,2u,Duracell,AAA,2000,Pilas2 UnidadesDuracellAAA.jpg
Pilas,2u,Energizer,AA,2000,Pilas2 UnidadesEnergizerAA.jpg
Pilas,2u,Energizer,AAA,2000,Pilas2 UnidadesEnergizerAAA.jpg
Pilas,4u,Energizer,AA,2000,Pilas4 UnidadesEnergizerAA.jpg
Pimienta ,60g,El Rey ,,2100,Pimienta 60gEl Rey .jpg
Platanos Maduros ,40g,Tajamiel ,,1700,Platano Maduro 40gTajamiel .jpg
Platanos Verdes,40g,Tajaditas ,,1900,Platanos Verdes40gTajaditas .jpg
Platanos Verdes,43g,Natuchips ,,1900,Platanos Verdes43gNatuchips .jpg
Ponque ,230g,Bimbo ,Casero ,2750,Ponque 230gBimbo Casero .jpg
Ponque ,45g,Gansito ,,1200,Ponque 45gGansito .jpg
Ponque ,63g,Gala ,Chocolate ,1100,Ponque 63gGala Chocolate .jpg
Ponque ,63g,Gala ,Limon ,1100,Ponque 63gGala Limon .jpg
Popetas ,52g,Popetas ,Matequilla ,1600,Popetas 52gPopetas Matequilla .jpg
Popetas ,52g,Popetas ,Queso ,1600,Popetas 52gPopetas Queso .jpg
Cereal ,450g,Special K Original ,,10900,Populares Cereales450gKellogs.jpg
Prestobarba ,und,Gillette ,Prestobarba 3 ,5200,Prestobarba undGillette Prestobarba 3 .jpg
Protectores Diarios ,15u,Nosotras Diarios ,Multiestilo ,10500,Protectores Diarios 15uNosotras Diarios Multiestilo .jpg
Quesito ,250g,Colanta,,4400,Quesito 250gColanta.jpg
Queso ,250g,Alpina ,Campesino ,5500,Queso 250gAlpina Campesino .jpg
Queso Crema ,200g,Alpina ,,3500,Queso Crema 200gAlpina .jpg
Queso Crema ,380g,Alpina ,,5500,Queso Crema 380gAlpina .jpg
Queso Crema ,460g,Colanta ,,4200,Queso Crema 460gColanta .jpg
Queso Doble Crema ,250g,Colanta ,,5400,Queso Doble Crema 250gColanta .jpg
Queso Holandes ,250g,Colanta ,,12900,Queso Holandes 250gColanta .jpg
Quipitos ,8g,Quipitos ,Pops ,900,Quipitos 8gQuipitos Pops .jpg
Removedor de Esmalte ,60ml,Masglo ,,3300,Removedor de Esmalte 60mlMasglo .jpg
Riquillas ,15g,Riquillas ,Crocanticas,1000,Riquillas 15gRiquillas Crocanticas.jpg
Ron ,375ml,Bacardi ,Limon ,26900,Ron 375mlBacardi Limon .jpg
Sal ,130g,Refisal,Alta Pureza,1100,Sal 130gRefisalAlta Pureza.jpg
Sal ,1K,Refisal ,Alta Pureza,1500,Sal 1KRefisal Alta Pureza.jpg
Sal ,500g,Refisal ,Alta Pureza,1300,Sal 500gRefisal Alta Pureza.jpg
Sal de Frutas,8 Sobres,Lua,,10450,Sal de Frutas8 SobresTQLua.jpg
Salchicha Viena ,6u ,Zenu ,Epecial ,2800,Salchicha Viena 6u Zenu Epecial .jpg
Salchicha Viena ,6u,Zenu ,Pollo ,3500,Salchicha Viena 6uZenu Pollo .jpg
Salchicha Viena ,7u,Rica ,,3500,Salchicha Viena 7uRica .jpg
Salchicha Viena ,7u,Rica ,Pollo ,3500,Salchicha Viena 7uRica Pollo .jpg
Salsa ,100g,La Constancia ,Aji Picante ,3900,Salsa 100gLa Constancia Aji Picante .jpg
Salsa ,110g,La Constancia ,Negra,2900,Salsa 110gLa Constancia Negra.jpg
Salsa de Tomate ,200g,Fruco ,,3600,Salsa de Tomate 200gFruco .jpg
Salsa de Tomate ,200g,La Constancia ,,3900,Salsa de Tomate 200gLa Constancia .jpg
Salsa,154ml,Fruco ,Soya ,3900,Salsa154mlFruco Soya .jpg
Salsa,155ml,El Rey ,Negra,3500,Salsa155mlEl Rey Negra.jpg
Salsa,155ml,Fruco ,Inglesa,4200,Salsa155mlFruco Inglesa.jpg
Salsa,155ml,Fruco ,Negra,4200,Salsa155mlFruco Negra.jpg
Salsina ,55g,El Rey ,,1600,Salsina 55gEl Rey .jpg
Sanpic,1000ml,Virumec,Lavanda,5560,Sanpic1000 mlVirumecLavanda.jpg
Servilletas ,150u,Familia,,1900,Servilletas 150uFamilia.jpg
Shampoo,200ml,Head & Shoulders ,Contro Caida Men,9300,Shampoo200mlHead & Shoulders Contro Caida Men.jpg
Shampoo,200ml,Pantene ,Liso Extremo ,9300,Shampoo200mlPantene Liso Extremo .jpg
Shampoo,350ml,Sedal,Ceramidas,10820,Shampoo350 mlSedalCeramidas.jpg
Shampoo,400ml,Johnsons,Original,15700,Shampoo400 mlJohnsonsOriginal.jpg
Shampoo,400ml,Pantene,Liso Extremo,13480,Shampoo400 mlPanteneLiso Extremo.jpg
Shampoo,400ml,Pantene,Liso y Sedoso,13760,Shampoo400 mlPanteneLiso y Sedoso.jpg
Shampoo,700ml,Head and Shoulders,Limpieza Renovadora,24700,Shampoo700 mlHead and ShouldersLimpieza Renovadora.jpg
Shampoo,750ml,Pantene,Restauracion ,12000,Shampoo750 mlPanteneRestauracion .jpg
Soya en Polvo ,200g,Soy Plus ,,9600,Soya en Polvo 200gSoy Plus .jpg
Spaghetti ,250g,Doria ,,1700,Spaghetti 250gDoria .jpg
Suavitel,2.9L,Suavitel,Complete,14680,Suavitel2.9 LSuavitelComplete.jpg
Talcos,85g,Mexsana,,7400,Talcos85 gMexsana.jpg
Tarrito Rojo,330g,Jgb,Fresa,12000,Tarrito Rojo330 gJgbFresa.jpg
Tarrito Rojo,330g,Jgb,Tradicional,12000,Tarrito Rojo330 gJgbTradicional.jpg
Tarrito Rojo,330g,Jgb,Vainilla,12000,Tarrito Rojo330 gJgbVainilla.jpg
Te ,12u,Hindu ,Original ,1900,Te 12uHindu Original .jpg
Te ,1L,Lipton ,Negro Durazno ,4500,Te 1LLipton Negro Durazno .jpg
Te ,1L,Lipton ,Negro Limon,4500,Te 1LLipton Negro Limon.jpg
Te ,25u,Hindu ,Original ,4500,Te 25uHindu Original .jpg
Te ,300ml,Mr Tea ,Durazno ,2000,Te 300mlMr Tea Durazno .jpg
Te ,500ml,Lipton ,Negro Limon,2500,Te 500mlLipton Negro Limon.jpg
Te ,500ml,Mr Tea ,Durazno ,2300,Te 500mlMr Tea Durazno .jpg
Te,1.2L,Fuze Tea,Negro Durazno ,3900,Te1.2LFuze TeaNegro Durazno .jpg
Te,1.2L,Fuze Tea,Negro Limon,3900,Te1.2LFuze TeaNegro Limon.jpg
Te,400ml,Hatsu,Blanco y Mangostino ,4000,Te400mlHatsuBlanco y Mangostino .jpg
Te,400ml,Hatsu,Pu Erh,4000,Te400mlHatsuPu Erh.jpg
Tequila,750ml,Jose Cuervo,Tequila Plata,58100,Tequila750mlJose CuervoTequila Plata.jpg
Toallas Higienicas ,6u ,Nosotras ,Extra Proteccion Tela ,4500,Toallas Higienicas 6u Nosotras Extra Proteccion Tela .jpg
Tostacos ,240g,Tostacos ,Picantes ,4500,Tostacos 240gTostacos Picantes .jpg
Tostacos ,25g,Tostacos ,Queso ,1500,Tostacos 25gTostacos Queso .jpg
Tosti Arepa,28g,Yupi,,1200,Tosti Arepa28gYupi.jpg
Tozinetas ,25g,Yupi,Fred ,2900,tozinetas_fred25g.jpg
Trocipollo ,32g,Trocipollo ,,1000,Trocipollo 32gTrocipollo .jpg
Vanish,500ml,Vanish,Poder O2,7910,Vanish500 mlVanishPoder O2.jpg
Vaporub,12g,Vick,,3000,Vaporub12 gVick.jpg
Vermouth,750ml,Cinzano ,Extra Dry,32900,Vermouth750mlCinzano Extra Dry.jpg
Vino ,750ml,120 Santa Rita,Rosado,44900,Vino 750ml120 Santa RitaRosado.jpg
Vino ,750ml,120 Santa Rita,Sauvignon Blanc,44900,Vino 750ml120 Santa RitaSauvignon Blanc.jpg
Vino ,750ml,Gato Negro ,Sauvignon Blanc,34900,Vino 750mlGato Negro Sauvignon Blanc.jpg
Vino ,750ml,Lazo ,Sauvignon Blanc,26500,Vino 750mlLazo Sauvignon Blanc.jpg
Vino,750ml,120 Santa Rita,Cabernet Sauvignon Tinto ,44900,Vino750ml120 Santa RitaCabernet Sauvignon Tinto .jpg
Vino,750ml,Casillero del Diablo ,Sauvignon Blanc,44500,Vino750mlCasillero del Diablo Sauvignon Blanc.jpg
Vino,750ml,Gato Negro,Merlot,34900,Vino750mlGato NegroMerlot.jpg
Vino,750ml,Undurraga ,Cabernet Sauvignon,44900,Vino750mlUndurraga Cabernet Sauvignon.jpg
Vino,750ml,Undurraga ,Carmenere,44900,Vino750mlUndurraga Carmenere.jpg
Vino,750ml,Undurraga ,Merlot,44900,Vino750mlUndurraga Merlot.jpg
Vino,750ml,Undurraga ,Rose,42000,Vino750mlUndurraga Rose.jpg
Vino,750ml,Undurraga ,Sauvignon Blanc,44900,Vino750mlUndurraga Sauvignon Blanc.jpg
Vodka,375ml,Absolut,Original ,33900,Vodka375mlAbsolutOriginal .jpg
Alimento Gato,500g,Whiskas,Carne,8630,Whiskas500 gWhiskasCarne.jpg
Alimento Gato,500g,Whiskas,Pollo y Leche,8630,Whiskas500 gWhiskasPollo y Leche.jpg
Whisky,750ml,Jack Daniels,,102000,Whisky750mlJack Daniels.jpg
Whisky,750ml,Jameson,,80900,Whisky750mlJameson.jpg
Yogurt ,140g,Activia,Fresa ,1900,Yogurt 140gActiviaFresa .jpg
Yogurt ,180g,Finesse,Fresa ,2500,Yogurt 180gFinesseFresa .jpg
Yogurt ,180g,Finesse,Melocoton ,2400,Yogurt 180gFinesseMelocoton .jpg
Yogurt ,200g,Regeneris,Fresa ,2400,Yogurt 200gRegenerisFresa .jpg
Yogurt ,200g,Regeneris,Melocoton,2400,Yogurt 200gRegenerisMelocoton.jpg
Yogurt Griego,150g,Alpina ,Fresa,2400,Yogurt Griego150gAlpina Fresa.jpg
Yogurt Griego,150g,Alpina ,Mora y Arandano ,2400,Yogurt Griego150gAlpina Mora y Arandano .jpg
Yogurt,150g,Yogo Yogo ,Fresa,2300,Yogurt150gYogo Yogo Fresa.jpg
Yogurt,150g,Yogo Yogo ,Mora,2300,Yogurt150gYogo Yogo Mora.jpg
Yogurt,200 g,Alpina,Melocoton,2400,Yogurt200 gAlpinaMelocoton.jpg
Yogurt,200g,Alpina,Mora ,2200,Yogurt200 gAlpinaMora .jpg
Yuca ,43g,Natuchips ,,1900,Yuca 43gNatuchips .jpg
Yupis ,50g,Yupis ,Caramelo ,1900,Yupis 50gYupis Caramelo .jpg
Yupis ,60g,Yupis ,Gigantes ,1900,Yupis 60gYupis Gegantes .jpg
Yupis,60g,Yupi,Gigante ,1900,Yupis60gYupiGigante .jpg
Lentejas,500g,Generico,,1500,lentejas500ggenericas.jpg
Panela ,unidad,Generico,,2000,PanelaunidadGenerico.jpg
Huevos,12u,Generico,,3000,Lacteos y Huevos Generico.jpg
Huevos,30u,Generico,,7500,Lacteos y Huevos Generico30u.jpg
Huevos,6u,Generico,,2000,Lacteos y Huevos Generico6u.jpg
Frijoles,500g,Generico,,1500,Frijoles500gGenerico.jpg
